<?xml version="1.0" encoding="UTF-8" ?>
<!DOCTYPE ViewObject SYSTEM "jbo_03_01.dtd">
<!---->
<ViewObject
  xmlns="http://xmlns.oracle.com/bc4j"
  Name="TriggerStatusStaticLovVO"
  Version="11.1.1.64.93"
  InheritPersonalization="true"
  BindingStyle="OracleName"
  CustomQuery="true"
  PageIterMode="Full"
  UseGlueCode="false">
  <DesignTime>
    <Attr Name="_codeGenFlag2" Value="Access|VarAccess"/>
    <Attr Name="_isExpertMode" Value="true"/>
  </DesignTime>
  <Properties>
    <SchemaBasedProperties>
      <LABEL
        ResId="hand.hmw.framework.quartz.model.queries.lov.TriggerStatusStaticLovVO_LABEL"/>
    </SchemaBasedProperties>
  </Properties>
  <ViewAttribute
    Name="AttrCode"
    IsUpdateable="false"
    IsPersistent="false"
    PrecisionRule="true"
    Precision="255"
    Type="java.lang.String"
    ColumnType="VARCHAR2"
    AliasName="VIEW_ATTR"
    SQLType="VARCHAR"/>
  <ViewAttribute
    Name="AttrMeaning"
    IsUpdateable="false"
    IsSelected="false"
    IsPersistent="false"
    PrecisionRule="true"
    Type="java.lang.String"
    ColumnType="VARCHAR2"
    AliasName="VIEW_ATTR"
    SQLType="VARCHAR"/>
  <AttrArray Name="KeyAttributes">
    <Item Value="AttrCode"/>
  </AttrArray>
  <StaticList
    Rows="5"
    Columns="2"/>
  <ResourceBundle>
    <PropertiesBundle
      PropertiesFile="hand.hmw.framework.quartz.model.QuartzModelBundle"/>
  </ResourceBundle>
</ViewObject>
