<?xml version="1.0" encoding="UTF-8" ?>
<adf-config xmlns="http://xmlns.oracle.com/adf/config"
            xmlns:config="http://xmlns.oracle.com/bc4j/configuration"
            xmlns:adf="http://xmlns.oracle.com/adf/config/properties"
            xmlns:sec="http://xmlns.oracle.com/adf/security/config">
  <adf-adfm-config xmlns="http://xmlns.oracle.com/adfm/config">
    <defaults useBindVarsForViewCriteriaLiterals="true"
              useBindValuesInFindByKey="true" executeEmptyOnException="true"/>
    <startup>
      <amconfig-overrides>
        <config:Database jbo.locking.mode="optimistic"/>
      </amconfig-overrides>
    </startup>
  </adf-adfm-config>
  <adf:adf-properties-child xmlns="http://xmlns.oracle.com/adf/config/properties">
    <adf-property name="adfAppUID"
                  value="HmwQuartzFramework.hand.hmw.framework.quartz"/>
  </adf:adf-properties-child>
  <sec:adf-security-child xmlns="http://xmlns.oracle.com/adf/security/config">
    <CredentialStoreContext credentialStoreClass="oracle.adf.share.security.providers.jps.CSFCredentialStore"
                            credentialStoreLocation="../../src/META-INF/jps-config.xml"/>
  </sec:adf-security-child>
  <adf-resourcebundle-config xmlns="http://xmlns.oracle.com/adf/resourcebundle/config">
    <applicationBundleName>
      resourcebundles/xliffBundles/HmwQuartzTaskflowOverrideBundle
    </applicationBundleName>
    <bundleList/>
  </adf-resourcebundle-config>
</adf-config>
